{"cameraMode":{"drawMode":0,"name":"Shaded","section":"Shading Mode"},"sceneLighting":false,"audioPlay":false,"sceneViewState":{"showFog":true,"showMaterialUpdate":false,"showSkybox":false,"showFlares":true,"showImageEffects":true,"showParticleSystems":true,"showVisualEffectGraphs":true,"m_FxEnabled":true},"in2DMode":false,"pivot":{"x":0.15215754508972169,"y":1.9138245582580567,"z":-1.551615595817566},"rotation":{"x":-0.012433098629117012,"y":-0.976023256778717,"z":0.22105681896209718,"w":-0.015204822644591332},"size":5.457437992095947,"orthographic":true}