{"cameraMode":{"drawMode":0,"name":"Shaded","section":"Shading Mode"},"sceneLighting":false,"audioPlay":false,"sceneViewState":{"showFog":true,"showMaterialUpdate":false,"showSkybox":false,"showFlares":true,"showImageEffects":true,"showParticleSystems":true,"showVisualEffectGraphs":true,"m_FxEnabled":true},"in2DMode":false,"pivot":{"x":-0.007784292101860046,"y":0.11499984562397003,"z":-0.007716193795204163},"rotation":{"x":-0.22926577925682069,"y":-0.6887568831443787,"z":0.2500443160533905,"w":-0.6416696310043335},"size":0.25394245982170107,"orthographic":true}