{"cameraMode":{"drawMode":0,"name":"Shaded","section":"Shading Mode"},"sceneLighting":false,"audioPlay":false,"sceneViewState":{"showFog":true,"showMaterialUpdate":false,"showSkybox":false,"showFlares":true,"showImageEffects":true,"showParticleSystems":true,"showVisualEffectGraphs":true,"m_FxEnabled":true},"in2DMode":false,"pivot":{"x":-0.0041970014572143559,"y":0.0328671932220459,"z":-0.13842839002609254},"rotation":{"x":0.2749324142932892,"y":0.19163134694099427,"z":-0.05601857602596283,"w":0.9405101537704468},"size":2.6550190448760988,"orthographic":false}